du,sourcing_unit,product_du,country,month,cases,tonnes
67153824,Lerma,KNR LAT CKN GR RDC S12/7.9 OZ,US Retail,2025-01,6071.0,16.3162
67153824,Lerma,KNR LAT CKN GR RDC S12/7.9 OZ,US Retail,2025-02,3655.0,9.823
67153824,Lerma,KNR LAT CKN GR RDC S12/7.9 OZ,US Retail,2025-03,5311.0,14.2736
67153824,Lerma,KNR LAT CKN GR RDC S12/7.9 OZ,US Retail,2025-04,3820.0,10.2665
67153824,Lerma,KNR LAT CKN GR RDC S12/7.9 OZ,US Retail,2025-05,4172.0,11.2125
67153824,Lerma,KNR LAT CKN GR RDC S12/7.9 OZ,US Retail,2025-06,4794.0,12.8842
67153824,Lerma,KNR LAT CKN GR RDC S12/7.9 OZ,US Retail,2025-07,4512.0,12.1263
67153824,Lerma,KNR LAT CKN GR RDC S12/7.9 OZ,US Retail,2025-08,5780.0,15.5341
67153824,Lerma,KNR LAT CKN GR RDC S12/7.9 OZ,US Retail,2025-09,4469.0,12.0107
67153824,Lerma,KNR LAT CKN GR RDC S12/7.9 OZ,US Retail,2025-10,5236.46,14.0733
67153824,Lerma,KNR LAT CKN GR RDC S12/7.9 OZ,US Retail,2025-11,4691.68,12.6092
67153824,Lerma,KNR LAT CKN GR RDC S12/7.9 OZ,US Retail,2025-12,5498.86,14.7785
68832541,Batavia,KNR MEX BOL TOM/CHK 192 2.5 LB,US Retail,2025-01,473.0,102.9847
68832541,Batavia,KNR MEX BOL TOM/CHK 192 2.5 LB,US Retail,2025-02,352.0,76.6398
68832541,Batavia,KNR MEX BOL TOM/CHK 192 2.5 LB,US Retail,2025-03,682.0,148.4895
68832541,Batavia,KNR MEX BOL TOM/CHK 192 2.5 LB,US Retail,2025-04,514.0,111.9115
68832541,Batavia,KNR MEX BOL TOM/CHK 192 2.5 LB,US Retail,2025-05,581.0,126.4991
68832541,Batavia,KNR MEX BOL TOM/CHK 192 2.5 LB,US Retail,2025-06,557.0,121.2737
68832541,Batavia,KNR MEX BOL TOM/CHK 192 2.5 LB,US Retail,2025-07,719.0,156.5454
68832541,Batavia,KNR MEX BOL TOM/CHK 192 2.5 LB,US Retail,2025-08,501.0,109.081
68832541,Batavia,KNR MEX BOL TOM/CHK 192 2.5 LB,US Retail,2025-09,603.0,131.2891
68832541,Batavia,KNR MEX BOL TOM/CHK 192 2.5 LB,US Retail,2025-10,510.0,111.0406
68832541,Batavia,KNR MEX BOL TOM/CHK 192 2.5 LB,US Retail,2025-11,836.918283305343,182.2193
68832541,Batavia,KNR MEX BOL TOM/CHK 192 2.5 LB,US Retail,2025-12,485.99,105.8129
68832540,Batavia,KNR MEX BOUIL Beef 192 2.5 LB,US Retail,2025-01,131.0,28.5222
68832540,Batavia,KNR MEX BOUIL Beef 192 2.5 LB,US Retail,2025-02,336.0,73.1561
68832540,Batavia,KNR MEX BOUIL Beef 192 2.5 LB,US Retail,2025-03,210.0,45.7226
68832540,Batavia,KNR MEX BOUIL Beef 192 2.5 LB,US Retail,2025-04,274.0,59.6571
68832540,Batavia,KNR MEX BOUIL Beef 192 2.5 LB,US Retail,2025-05,260.0,56.6089
68832540,Batavia,KNR MEX BOUIL Beef 192 2.5 LB,US Retail,2025-06,304.0,66.1889
68832540,Batavia,KNR MEX BOUIL Beef 192 2.5 LB,US Retail,2025-07,307.0,66.8421
68832540,Batavia,KNR MEX BOUIL Beef 192 2.5 LB,US Retail,2025-08,299.0,65.1002
68832540,Batavia,KNR MEX BOUIL Beef 192 2.5 LB,US Retail,2025-09,263.0,57.2621
68832540,Batavia,KNR MEX BOUIL Beef 192 2.5 LB,US Retail,2025-10,311.01,67.7151
68832540,Batavia,KNR MEX BOUIL Beef 192 2.5 LB,US Retail,2025-11,492.248435457322,107.1756
68832540,Batavia,KNR MEX BOUIL Beef 192 2.5 LB,US Retail,2025-12,295.99,64.4449
64786716,Indy,KNR MEX BOUIL CHK 6 2 LB,US Retail,2025-05,5429.0,29.5509
64786716,Indy,KNR MEX BOUIL CHK 6 2 LB,US Retail,2025-06,27774.0,151.1784
64786716,Indy,KNR MEX BOUIL CHK 6 2 LB,US Retail,2025-07,-480.0,-2.6127
64786716,Indy,KNR MEX BOUIL CHK 6 2 LB,US Retail,2025-09,0.0,0.0
64786716,Indy,KNR MEX BOUIL CHK 6 2 LB,US Retail,2025-10,89231.0,485.699
64786716,Indy,KNR MEX BOUIL CHK 6 2 LB,US Retail,2025-11,28507.0,155.1683
64786716,Indy,KNR MEX BOUIL CHK 6 2 LB,US Retail,2025-12,24452.0,133.0963
69559815,Lerma,KNR MEX BOUIL CHK 6 2 LB,US Retail,2025-01,115296.0,627.5751
69559815,Lerma,KNR MEX BOUIL CHK 6 2 LB,US Retail,2025-02,85824.0,467.1541
69559815,Lerma,KNR MEX BOUIL CHK 6 2 LB,US Retail,2025-03,135777.0,739.0565
69559815,Lerma,KNR MEX BOUIL CHK 6 2 LB,US Retail,2025-04,113156.0,615.9267
69559815,Lerma,KNR MEX BOUIL CHK 6 2 LB,US Retail,2025-05,124224.0,676.1716
69559815,Lerma,KNR MEX BOUIL CHK 6 2 LB,US Retail,2025-06,166523.0,906.412
69559815,Lerma,KNR MEX BOUIL CHK 6 2 LB,US Retail,2025-07,63558.0,345.9566
69559815,Lerma,KNR MEX BOUIL CHK 6 2 LB,US Retail,2025-08,45315.0,246.657
69559815,Lerma,KNR MEX BOUIL CHK 6 2 LB,US Retail,2025-09,0.0,0.0
69559815,Lerma,KNR MEX BOUIL CHK 6 2 LB,US Retail,2025-10,95969.0,522.375
69559815,Lerma,KNR MEX BOUIL CHK 6 2 LB,US Retail,2025-11,55510.0,302.15
64321451,Lerma,KNR MEX BOL TOM/CHK 6 2 LB,US Retail,2025-01,9600.0,52.2544
64786715,Indy,KNR MEX BOL TOM/CHK 6 2 LB,US Retail,2025-05,4320.0,23.5145
64786715,Indy,KNR MEX BOL TOM/CHK 6 2 LB,US Retail,2025-06,3637.0,19.7968
64786715,Indy,KNR MEX BOL TOM/CHK 6 2 LB,US Retail,2025-07,56595.0,308.0559
64786715,Indy,KNR MEX BOL TOM/CHK 6 2 LB,US Retail,2025-08,46264.0,251.8226
64786715,Indy,KNR MEX BOL TOM/CHK 6 2 LB,US Retail,2025-09,14932.0,81.2773
64786715,Indy,KNR MEX BOL TOM/CHK 6 2 LB,US Retail,2025-10,1056.0,5.748
64786715,Indy,KNR MEX BOL TOM/CHK 6 2 LB,US Retail,2025-11,69505.0,378.3271
64786715,Indy,KNR MEX BOL TOM/CHK 6 2 LB,US Retail,2025-12,30996.0,168.7163
64786714,Indy,KNR MEX BOUIL Beef 6 2 LB,US Retail,2025-05,13505.0,73.5099
64786714,Indy,KNR MEX BOUIL Beef 6 2 LB,US Retail,2025-06,-192.0,-1.0451
64786714,Indy,KNR MEX BOUIL Beef 6 2 LB,US Retail,2025-07,14400.0,78.3816
64786714,Indy,KNR MEX BOUIL Beef 6 2 LB,US Retail,2025-08,43068.0,234.4262
64786714,Indy,KNR MEX BOUIL Beef 6 2 LB,US Retail,2025-11,19423.0,105.7226
64786714,Indy,KNR MEX BOUIL Beef 6 2 LB,US Retail,2025-12,17558.0,95.5711
69664938,Lerma,KNR MEX BOUIL Beef 6 2 LB,US Retail,2025-01,31567.0,171.8244
69664938,Lerma,KNR MEX BOUIL Beef 6 2 LB,US Retail,2025-02,20290.0,110.4418
69664938,Lerma,KNR MEX BOUIL Beef 6 2 LB,US Retail,2025-03,21797.0,118.6447
69664938,Lerma,KNR MEX BOUIL Beef 6 2 LB,US Retail,2025-04,18771.0,102.1736
69664938,Lerma,KNR MEX BOUIL Beef 6 2 LB,US Retail,2025-05,18346.0,99.8603
69664938,Lerma,KNR MEX BOUIL Beef 6 2 LB,US Retail,2025-06,26529.0,144.4017
69664938,Lerma,KNR MEX BOUIL Beef 6 2 LB,US Retail,2025-07,8674.0,47.214
69664938,Lerma,KNR MEX BOUIL Beef 6 2 LB,US Retail,2025-08,15741.0,85.6808
69664938,Lerma,KNR MEX BOUIL Beef 6 2 LB,US Retail,2025-09,22590.0,122.9611
69559813,Lerma,KNR MEX BOUIL CHK 480 2.53lb 40.5z,US Retail,2025-01,1357.0,747.501
69559813,Lerma,KNR MEX BOUIL CHK 480 2.53lb 40.5z,US Retail,2025-02,1226.0,675.3399
69559813,Lerma,KNR MEX BOUIL CHK 480 2.53lb 40.5z,US Retail,2025-03,1459.0,803.6876
69559813,Lerma,KNR MEX BOUIL CHK 480 2.53lb 40.5z,US Retail,2025-04,1432.0,788.8147
69559813,Lerma,KNR MEX BOUIL CHK 480 2.53lb 40.5z,US Retail,2025-05,1384.0,762.3739
69559813,Lerma,KNR MEX BOUIL CHK 480 2.53lb 40.5z,US Retail,2025-06,1433.0,789.3655
69559813,Lerma,KNR MEX BOUIL CHK 480 2.53lb 40.5z,US Retail,2025-07,1630.0,897.8826
69559813,Lerma,KNR MEX BOUIL CHK 480 2.53lb 40.5z,US Retail,2025-08,1465.0,806.9927
69559813,Lerma,KNR MEX BOUIL CHK 480 2.53lb 40.5z,US Retail,2025-09,1874.0,1032.2896
69559813,Lerma,KNR MEX BOUIL CHK 480 2.53lb 40.5z,US Retail,2025-10,1338.04,737.057
69559813,Lerma,KNR MEX BOUIL CHK 480 2.53lb 40.5z,US Retail,2025-11,2035.23895835022,1121.1078
69559813,Lerma,KNR MEX BOUIL CHK 480 2.53lb 40.5z,US Retail,2025-12,1823.84979167004,1004.6644
68164766,Batavia,KNR LAT Chicken GRAN 480 2.0LB PAL,US Retail,2025-01,317.0,138.0386
68164766,Batavia,KNR LAT Chicken GRAN 480 2.0LB PAL,US Retail,2025-02,480.0,209.0175
68164766,Batavia,KNR LAT Chicken GRAN 480 2.0LB PAL,US Retail,2025-03,407.0,177.2294
68164766,Batavia,KNR LAT Chicken GRAN 480 2.0LB PAL,US Retail,2025-04,220.0,95.7997
68164766,Batavia,KNR LAT Chicken GRAN 480 2.0LB PAL,US Retail,2025-05,287.0,124.9751
68164766,Batavia,KNR LAT Chicken GRAN 480 2.0LB PAL,US Retail,2025-06,743.0,323.5417
68164766,Batavia,KNR LAT Chicken GRAN 480 2.0LB PAL,US Retail,2025-07,202.0,87.9615
68164766,Batavia,KNR LAT Chicken GRAN 480 2.0LB PAL,US Retail,2025-08,468.0,203.7921
68164766,Batavia,KNR LAT Chicken GRAN 480 2.0LB PAL,US Retail,2025-09,1173.0,510.7865
68164766,Batavia,KNR LAT Chicken GRAN 480 2.0LB PAL,US Retail,2025-10,443.65,193.1888
68164766,Batavia,KNR LAT Chicken GRAN 480 2.0LB PAL,US Retail,2025-11,741.829023933889,323.0318
68164766,Batavia,KNR LAT Chicken GRAN 480 2.0LB PAL,US Retail,2025-12,705.928828720667,307.3989
68164768,Batavia,KNR LAT CHKN/TOM CHKN 480 2.0LB PAL,US Retail,2025-01,35.0,15.2409
68164768,Batavia,KNR LAT CHKN/TOM CHKN 480 2.0LB PAL,US Retail,2025-02,110.0,47.8998
68164768,Batavia,KNR LAT CHKN/TOM CHKN 480 2.0LB PAL,US Retail,2025-03,11.0,4.79
68164768,Batavia,KNR LAT CHKN/TOM CHKN 480 2.0LB PAL,US Retail,2025-04,44.0,19.1599
68164768,Batavia,KNR LAT CHKN/TOM CHKN 480 2.0LB PAL,US Retail,2025-05,73.0,31.7881
68164768,Batavia,KNR LAT CHKN/TOM CHKN 480 2.0LB PAL,US Retail,2025-06,20.0,8.7091
68164768,Batavia,KNR LAT CHKN/TOM CHKN 480 2.0LB PAL,US Retail,2025-07,40.0,17.4181
68164768,Batavia,KNR LAT CHKN/TOM CHKN 480 2.0LB PAL,US Retail,2025-08,68.0,29.6108
68164768,Batavia,KNR LAT CHKN/TOM CHKN 480 2.0LB PAL,US Retail,2025-09,75.0,32.659
68164768,Batavia,KNR LAT CHKN/TOM CHKN 480 2.0LB PAL,US Retail,2025-10,59.8,26.0401
68164768,Batavia,KNR LAT CHKN/TOM CHKN 480 2.0LB PAL,US Retail,2025-11,77.2040245665005,33.6187
68164768,Batavia,KNR LAT CHKN/TOM CHKN 480 2.0LB PAL,US Retail,2025-12,36.1108294798006,15.7246
68164770,Batavia,Knorr HISP CKN TOM BF 480 2.0LB PAL,US Retail,2025-01,28.0,12.1927
68164770,Batavia,Knorr HISP CKN TOM BF 480 2.0LB PAL,US Retail,2025-02,40.0,17.4181
68164770,Batavia,Knorr HISP CKN TOM BF 480 2.0LB PAL,US Retail,2025-03,37.0,16.1118
68164770,Batavia,Knorr HISP CKN TOM BF 480 2.0LB PAL,US Retail,2025-04,70.0,30.4817
68164770,Batavia,Knorr HISP CKN TOM BF 480 2.0LB PAL,US Retail,2025-05,50.0,21.7727
68164770,Batavia,Knorr HISP CKN TOM BF 480 2.0LB PAL,US Retail,2025-06,23.0,10.0154
68164770,Batavia,Knorr HISP CKN TOM BF 480 2.0LB PAL,US Retail,2025-07,69.0,30.0463
68164770,Batavia,Knorr HISP CKN TOM BF 480 2.0LB PAL,US Retail,2025-08,115.0,50.0771
68164770,Batavia,Knorr HISP CKN TOM BF 480 2.0LB PAL,US Retail,2025-09,48.0,20.9018
68164770,Batavia,Knorr HISP CKN TOM BF 480 2.0LB PAL,US Retail,2025-10,7.41,3.2267
68164770,Batavia,Knorr HISP CKN TOM BF 480 2.0LB PAL,US Retail,2025-11,81.4411197023185,35.4638
68164770,Batavia,Knorr HISP CKN TOM BF 480 2.0LB PAL,US Retail,2025-12,33.8353436427823,14.7337
69556761,Batavia,KNR Bouillon CHKN Zero Salt 6p 2.6z,US Retail,2025-01,217.0,0.1654
69556761,Batavia,KNR Bouillon CHKN Zero Salt 6p 2.6z,US Retail,2025-02,6986.0,5.3236
69556761,Batavia,KNR Bouillon CHKN Zero Salt 6p 2.6z,US Retail,2025-03,5905.0,4.4999
69556761,Batavia,KNR Bouillon CHKN Zero Salt 6p 2.6z,US Retail,2025-04,1346.0,1.0257
69556761,Batavia,KNR Bouillon CHKN Zero Salt 6p 2.6z,US Retail,2025-05,518.0,0.3947
69556761,Batavia,KNR Bouillon CHKN Zero Salt 6p 2.6z,US Retail,2025-06,2264.0,1.7253
69556761,Batavia,KNR Bouillon CHKN Zero Salt 6p 2.6z,US Retail,2025-07,1486.0,1.1324
69556761,Batavia,KNR Bouillon CHKN Zero Salt 6p 2.6z,US Retail,2025-08,1441.0,1.0981
69556761,Batavia,KNR Bouillon CHKN Zero Salt 6p 2.6z,US Retail,2025-09,1133.0,0.8634
69556762,Batavia,KNR Bouillon Beef Zero Salt 6p 2.6z,US Retail,2025-01,657.0,0.5036
69556762,Batavia,KNR Bouillon Beef Zero Salt 6p 2.6z,US Retail,2025-02,623.0,0.4776
69556762,Batavia,KNR Bouillon Beef Zero Salt 6p 2.6z,US Retail,2025-03,1039.0,0.7965
69556762,Batavia,KNR Bouillon Beef Zero Salt 6p 2.6z,US Retail,2025-04,421.0,0.3227
69556762,Batavia,KNR Bouillon Beef Zero Salt 6p 2.6z,US Retail,2025-05,38.0,0.0291
69556762,Batavia,KNR Bouillon Beef Zero Salt 6p 2.6z,US Retail,2025-06,29.0,0.0222
69556763,Batavia,KNR BOUIL Roast GAR Zero Salt 6p 2.6z,US Retail,2025-01,318.0,0.2438
69556763,Batavia,KNR BOUIL Roast GAR Zero Salt 6p 2.6z,US Retail,2025-02,331.0,0.2537
69556763,Batavia,KNR BOUIL Roast GAR Zero Salt 6p 2.6z,US Retail,2025-03,379.0,0.2905
69556763,Batavia,KNR BOUIL Roast GAR Zero Salt 6p 2.6z,US Retail,2025-04,30.0,0.023
69664935,Lerma,KNR MEX BOUIL BEEF 12 15.9z,US Retail,2025-01,2842.0,15.3728
69664935,Lerma,KNR MEX BOUIL BEEF 12 15.9z,US Retail,2025-02,4307.0,23.2972
69664935,Lerma,KNR MEX BOUIL BEEF 12 15.9z,US Retail,2025-03,3332.0,18.0233
69664935,Lerma,KNR MEX BOUIL BEEF 12 15.9z,US Retail,2025-04,2545.0,13.7663
69664935,Lerma,KNR MEX BOUIL BEEF 12 15.9z,US Retail,2025-06,3937.0,21.2958
69664935,Lerma,KNR MEX BOUIL BEEF 12 15.9z,US Retail,2025-09,0.0,0.0
64784931,Indy,KNR MEX BOUIL BEEF 12 15.9z,US Retail,2025-05,6408.0,34.6618
64784931,Indy,KNR MEX BOUIL BEEF 12 15.9z,US Retail,2025-06,181.0,0.9791
64784931,Indy,KNR MEX BOUIL BEEF 12 15.9z,US Retail,2025-09,11305.0,61.1504
64784931,Indy,KNR MEX BOUIL BEEF 12 15.9z,US Retail,2025-10,3323.0,17.9746
64784931,Indy,KNR MEX BOUIL BEEF 12 15.9z,US Retail,2025-12,8230.0,44.5173
67552959,Lerma,KNR Gran Bouillon Shrimp  12 7.9oz,US Retail,2025-01,5980.0,16.0716
67552959,Lerma,KNR Gran Bouillon Shrimp  12 7.9oz,US Retail,2025-02,4342.0,11.6694
67552959,Lerma,KNR Gran Bouillon Shrimp  12 7.9oz,US Retail,2025-03,6452.0,17.3402
67552959,Lerma,KNR Gran Bouillon Shrimp  12 7.9oz,US Retail,2025-04,4080.0,10.9653
67552959,Lerma,KNR Gran Bouillon Shrimp  12 7.9oz,US Retail,2025-05,3019.0,8.1138
67552959,Lerma,KNR Gran Bouillon Shrimp  12 7.9oz,US Retail,2025-06,8608.0,23.1345
67552959,Lerma,KNR Gran Bouillon Shrimp  12 7.9oz,US Retail,2025-07,3791.0,10.1885
67552959,Lerma,KNR Gran Bouillon Shrimp  12 7.9oz,US Retail,2025-08,4617.0,12.4085
67552959,Lerma,KNR Gran Bouillon Shrimp  12 7.9oz,US Retail,2025-09,4213.0,11.3227
67552959,Lerma,KNR Gran Bouillon Shrimp  12 7.9oz,US Retail,2025-10,4879.61,13.1143
67552959,Lerma,KNR Gran Bouillon Shrimp  12 7.9oz,US Retail,2025-11,5199.58,13.9742
67552959,Lerma,KNR Gran Bouillon Shrimp  12 7.9oz,US Retail,2025-12,5741.75,15.4313
67841924,Lerma,KNORR MEX BOUIL CHK 24/3.5 OZ,US Retail,2025-01,9854.0,23.4662
67841924,Lerma,KNORR MEX BOUIL CHK 24/3.5 OZ,US Retail,2025-02,8059.0,19.1916
67841924,Lerma,KNORR MEX BOUIL CHK 24/3.5 OZ,US Retail,2025-03,7969.0,18.9773
67841924,Lerma,KNORR MEX BOUIL CHK 24/3.5 OZ,US Retail,2025-04,9854.0,23.4662
67841924,Lerma,KNORR MEX BOUIL CHK 24/3.5 OZ,US Retail,2025-05,7725.0,18.3962
67841924,Lerma,KNORR MEX BOUIL CHK 24/3.5 OZ,US Retail,2025-06,10429.0,24.8355
67841924,Lerma,KNORR MEX BOUIL CHK 24/3.5 OZ,US Retail,2025-07,8058.0,19.1892
67841924,Lerma,KNORR MEX BOUIL CHK 24/3.5 OZ,US Retail,2025-08,9933.0,23.6543
67841924,Lerma,KNORR MEX BOUIL CHK 24/3.5 OZ,US Retail,2025-09,9294.0,22.1326
67841924,Lerma,KNORR MEX BOUIL CHK 24/3.5 OZ,US Retail,2025-10,12274.7338181247,29.2309
67841924,Lerma,KNORR MEX BOUIL CHK 24/3.5 OZ,US Retail,2025-11,9354.826238282,22.2774
67841924,Lerma,KNORR MEX BOUIL CHK 24/3.5 OZ,US Retail,2025-12,8942.43869318886,21.2954
67212717,Lerma,KN MEX BOUIL TOM/CHK24/3.5 OZ,US Retail,2025-01,6120.0,14.5741
67212717,Lerma,KN MEX BOUIL TOM/CHK24/3.5 OZ,US Retail,2025-02,5204.0,12.3927
67212717,Lerma,KN MEX BOUIL TOM/CHK24/3.5 OZ,US Retail,2025-03,6053.0,14.4145
67212717,Lerma,KN MEX BOUIL TOM/CHK24/3.5 OZ,US Retail,2025-04,5539.0,13.1905
67212717,Lerma,KN MEX BOUIL TOM/CHK24/3.5 OZ,US Retail,2025-05,5384.0,12.8214
67212717,Lerma,KN MEX BOUIL TOM/CHK24/3.5 OZ,US Retail,2025-06,6650.0,15.8362
67212717,Lerma,KN MEX BOUIL TOM/CHK24/3.5 OZ,US Retail,2025-07,4854.0,11.5592
67212717,Lerma,KN MEX BOUIL TOM/CHK24/3.5 OZ,US Retail,2025-08,6499.0,15.4766
67212717,Lerma,KN MEX BOUIL TOM/CHK24/3.5 OZ,US Retail,2025-09,5745.0,13.6811
67212717,Lerma,KN MEX BOUIL TOM/CHK24/3.5 OZ,US Retail,2025-10,8080.15587637628,19.242
67212717,Lerma,KN MEX BOUIL TOM/CHK24/3.5 OZ,US Retail,2025-11,6305.01032655167,15.0147
67212717,Lerma,KN MEX BOUIL TOM/CHK24/3.5 OZ,US Retail,2025-12,5536.08130681113,13.1835
67821459,Lerma,KNORR MEX BOUIL CHK 12/7.9 OZ,US Retail,2025-01,83741.0,225.0592
67821459,Lerma,KNORR MEX BOUIL CHK 12/7.9 OZ,US Retail,2025-02,67525.0,181.4776
67821459,Lerma,KNORR MEX BOUIL CHK 12/7.9 OZ,US Retail,2025-03,73060.0,196.3533
67821459,Lerma,KNORR MEX BOUIL CHK 12/7.9 OZ,US Retail,2025-04,68409.0,183.8535
67821459,Lerma,KNORR MEX BOUIL CHK 12/7.9 OZ,US Retail,2025-05,62497.0,167.9646
67821459,Lerma,KNORR MEX BOUIL CHK 12/7.9 OZ,US Retail,2025-06,88227.0,237.1156
67821459,Lerma,KNORR MEX BOUIL CHK 12/7.9 OZ,US Retail,2025-07,58390.0,156.9268
67821459,Lerma,KNORR MEX BOUIL CHK 12/7.9 OZ,US Retail,2025-08,72120.0,193.827
67821459,Lerma,KNORR MEX BOUIL CHK 12/7.9 OZ,US Retail,2025-09,75211.0,202.1343
67821459,Lerma,KNORR MEX BOUIL CHK 12/7.9 OZ,US Retail,2025-10,93470.402360135,251.2075
67821459,Lerma,KNORR MEX BOUIL CHK 12/7.9 OZ,US Retail,2025-11,88457.8392286745,237.736
67821459,Lerma,KNORR MEX BOUIL CHK 12/7.9 OZ,US Retail,2025-12,87923.0428489808,236.2987
67212715,Lerma,KN MEX BOUIL TOM/CHK12/7.9 OZ,US Retail,2025-01,39441.0,106.0001
67212715,Lerma,KN MEX BOUIL TOM/CHK12/7.9 OZ,US Retail,2025-02,33021.0,88.746
67212715,Lerma,KN MEX BOUIL TOM/CHK12/7.9 OZ,US Retail,2025-03,36223.0,97.3516
67212715,Lerma,KN MEX BOUIL TOM/CHK12/7.9 OZ,US Retail,2025-04,38482.0,103.4228
67212715,Lerma,KN MEX BOUIL TOM/CHK12/7.9 OZ,US Retail,2025-05,26075.0,70.0782
67212715,Lerma,KN MEX BOUIL TOM/CHK12/7.9 OZ,US Retail,2025-06,48479.0,130.2903
67212715,Lerma,KN MEX BOUIL TOM/CHK12/7.9 OZ,US Retail,2025-07,29936.0,80.4549
67212715,Lerma,KN MEX BOUIL TOM/CHK12/7.9 OZ,US Retail,2025-08,41862.0,112.5067
67212715,Lerma,KN MEX BOUIL TOM/CHK12/7.9 OZ,US Retail,2025-09,41907.0,112.6277
67212715,Lerma,KN MEX BOUIL TOM/CHK12/7.9 OZ,US Retail,2025-10,39541.0870391,106.2691
67212715,Lerma,KN MEX BOUIL TOM/CHK12/7.9 OZ,US Retail,2025-11,36618.3953496896,98.4142
67212715,Lerma,KN MEX BOUIL TOM/CHK12/7.9 OZ,US Retail,2025-12,35119.2489254688,94.3852
67212718,Lerma,KNORR MEX BOUIL BEEF12/7.9 OZ,US Retail,2025-01,31296.0,84.11
67212718,Lerma,KNORR MEX BOUIL BEEF12/7.9 OZ,US Retail,2025-02,23552.0,63.2975
67212718,Lerma,KNORR MEX BOUIL BEEF12/7.9 OZ,US Retail,2025-03,17171.0,46.1481
67212718,Lerma,KNORR MEX BOUIL BEEF12/7.9 OZ,US Retail,2025-04,26861.0,72.1906
67212718,Lerma,KNORR MEX BOUIL BEEF12/7.9 OZ,US Retail,2025-05,24271.0,65.2298
67212718,Lerma,KNORR MEX BOUIL BEEF12/7.9 OZ,US Retail,2025-06,34708.0,93.2799
67212718,Lerma,KNORR MEX BOUIL BEEF12/7.9 OZ,US Retail,2025-07,15341.0,41.2299
67212718,Lerma,KNORR MEX BOUIL BEEF12/7.9 OZ,US Retail,2025-08,20831.0,55.9846
67212718,Lerma,KNORR MEX BOUIL BEEF12/7.9 OZ,US Retail,2025-09,21631.0,58.1347
67212718,Lerma,KNORR MEX BOUIL BEEF12/7.9 OZ,US Retail,2025-10,30947.8287227789,83.1742
67212718,Lerma,KNORR MEX BOUIL BEEF12/7.9 OZ,US Retail,2025-11,28316.2972665457,76.1018
67212718,Lerma,KNORR MEX BOUIL BEEF12/7.9 OZ,US Retail,2025-12,28221.7583284537,75.8477
64784933,Indy,KNR MEX BOUIL CHK 12/15.9 OZ,US Retail,2025-04,1091.0,5.9014
64784933,Indy,KNR MEX BOUIL CHK 12/15.9 OZ,US Retail,2025-05,13965.0,75.5387
64784933,Indy,KNR MEX BOUIL CHK 12/15.9 OZ,US Retail,2025-06,44843.0,242.5623
64784933,Indy,KNR MEX BOUIL CHK 12/15.9 OZ,US Retail,2025-07,12514.0,67.69
64784933,Indy,KNR MEX BOUIL CHK 12/15.9 OZ,US Retail,2025-08,35341.0,191.1646
64784933,Indy,KNR MEX BOUIL CHK 12/15.9 OZ,US Retail,2025-09,24991.0,135.1799
64784933,Indy,KNR MEX BOUIL CHK 12/15.9 OZ,US Retail,2025-10,52939.0,286.3547
64784933,Indy,KNR MEX BOUIL CHK 12/15.9 OZ,US Retail,2025-11,7302.0,39.4976
64784933,Indy,KNR MEX BOUIL CHK 12/15.9 OZ,US Retail,2025-12,31223.0,168.8897
69559816,Lerma,KNR MEX BOUIL CHK 12/15.9 OZ,US Retail,2025-01,53018.0,286.782
69559816,Lerma,KNR MEX BOUIL CHK 12/15.9 OZ,US Retail,2025-02,17280.0,93.47
69559816,Lerma,KNR MEX BOUIL CHK 12/15.9 OZ,US Retail,2025-03,38822.0,209.9938
69559816,Lerma,KNR MEX BOUIL CHK 12/15.9 OZ,US Retail,2025-04,59489.0,321.7846
69559816,Lerma,KNR MEX BOUIL CHK 12/15.9 OZ,US Retail,2025-06,20826.0,112.6508
69559816,Lerma,KNR MEX BOUIL CHK 12/15.9 OZ,US Retail,2025-07,11337.0,61.3235
69559816,Lerma,KNR MEX BOUIL CHK 12/15.9 OZ,US Retail,2025-10,12717.0,68.7881
69559816,Lerma,KNR MEX BOUIL CHK 12/15.9 OZ,US Retail,2025-11,5000.0,27.0457
64316829,Lerma,KNORR BOUIL TOM/CHK 12/15.9 OZ,US Retail,2025-01,2058.0,11.132
64316829,Lerma,KNORR BOUIL TOM/CHK 12/15.9 OZ,US Retail,2025-03,9717.0,52.5607
64316829,Lerma,KNORR BOUIL TOM/CHK 12/15.9 OZ,US Retail,2025-04,27648.0,149.552
64316829,Lerma,KNORR BOUIL TOM/CHK 12/15.9 OZ,US Retail,2025-05,166.0,0.8979
64316829,Lerma,KNORR BOUIL TOM/CHK 12/15.9 OZ,US Retail,2025-06,6829.0,36.939
64316829,Lerma,KNORR BOUIL TOM/CHK 12/15.9 OZ,US Retail,2025-10,2207.0,11.938
64784932,Indy,KNORR BOUIL TOM/CHK 12/15.9 OZ,US Retail,2025-05,9310.0,50.3591
64784932,Indy,KNORR BOUIL TOM/CHK 12/15.9 OZ,US Retail,2025-06,98.0,0.5301
64784932,Indy,KNORR BOUIL TOM/CHK 12/15.9 OZ,US Retail,2025-07,19166.0,103.6717
64784932,Indy,KNORR BOUIL TOM/CHK 12/15.9 OZ,US Retail,2025-08,-98.0,-0.5301
64784932,Indy,KNORR BOUIL TOM/CHK 12/15.9 OZ,US Retail,2025-10,10465.0,56.6067
64784932,Indy,KNORR BOUIL TOM/CHK 12/15.9 OZ,US Retail,2025-12,15501.0,83.8471
68821625,Batavia,KNR Bouillon CHKN Zero Salt 12p 160g,CDA Retail,2025-01,555.0,1.0654
68821625,Batavia,KNR Bouillon CHKN Zero Salt 12p 160g,CDA Retail,2025-02,293.0,0.5624
68821625,Batavia,KNR Bouillon CHKN Zero Salt 12p 160g,CDA Retail,2025-03,965.0,1.8524
68821625,Batavia,KNR Bouillon CHKN Zero Salt 12p 160g,CDA Retail,2025-04,520.0,0.9982
68821625,Batavia,KNR Bouillon CHKN Zero Salt 12p 160g,CDA Retail,2025-05,286.0,0.549
68821625,Batavia,KNR Bouillon CHKN Zero Salt 12p 160g,CDA Retail,2025-06,761.0,1.4608
68821625,Batavia,KNR Bouillon CHKN Zero Salt 12p 160g,CDA Retail,2025-07,571.0,1.0961
68821625,Batavia,KNR Bouillon CHKN Zero Salt 12p 160g,CDA Retail,2025-08,425.0,0.8158
68821625,Batavia,KNR Bouillon CHKN Zero Salt 12p 160g,CDA Retail,2025-09,506.0,0.9713
68821625,Batavia,KNR Bouillon CHKN Zero Salt 12p 160g,CDA Retail,2025-10,355.111051874622,0.6817
68821625,Batavia,KNR Bouillon CHKN Zero Salt 12p 160g,CDA Retail,2025-11,361.788892506819,0.6945
68821625,Batavia,KNR Bouillon CHKN Zero Salt 12p 160g,CDA Retail,2025-12,292.082403012702,0.5607
68821626,Batavia,KNR Bouillon Beef Zero Salt 12p 160g,CDA Retail,2025-01,204.0,0.3916
68821626,Batavia,KNR Bouillon Beef Zero Salt 12p 160g,CDA Retail,2025-02,296.0,0.5682
68821626,Batavia,KNR Bouillon Beef Zero Salt 12p 160g,CDA Retail,2025-03,638.0,1.2247
68821626,Batavia,KNR Bouillon Beef Zero Salt 12p 160g,CDA Retail,2025-04,225.0,0.4319
68821626,Batavia,KNR Bouillon Beef Zero Salt 12p 160g,CDA Retail,2025-05,132.0,0.2534
68821626,Batavia,KNR Bouillon Beef Zero Salt 12p 160g,CDA Retail,2025-06,421.0,0.8082
68821626,Batavia,KNR Bouillon Beef Zero Salt 12p 160g,CDA Retail,2025-07,276.0,0.5298
68821626,Batavia,KNR Bouillon Beef Zero Salt 12p 160g,CDA Retail,2025-08,591.0,1.1345
68821626,Batavia,KNR Bouillon Beef Zero Salt 12p 160g,CDA Retail,2025-09,198.0,0.3801
68821626,Batavia,KNR Bouillon Beef Zero Salt 12p 160g,CDA Retail,2025-10,101.0,0.1939
68821626,Batavia,KNR Bouillon Beef Zero Salt 12p 160g,CDA Retail,2025-11,109.685137927877,0.2106
68821626,Batavia,KNR Bouillon Beef Zero Salt 12p 160g,CDA Retail,2025-12,127.580427063047,0.2449
68821627,Batavia,KNR BOUIL Roast GAR Zero Salt 12p 160g,CDA Retail,2025-01,117.0,0.2246
68821627,Batavia,KNR BOUIL Roast GAR Zero Salt 12p 160g,CDA Retail,2025-02,200.0,0.3839
68821627,Batavia,KNR BOUIL Roast GAR Zero Salt 12p 160g,CDA Retail,2025-03,275.0,0.5279
68821627,Batavia,KNR BOUIL Roast GAR Zero Salt 12p 160g,CDA Retail,2025-04,449.0,0.8619
68821627,Batavia,KNR BOUIL Roast GAR Zero Salt 12p 160g,CDA Retail,2025-05,97.0,0.1862
68821627,Batavia,KNR BOUIL Roast GAR Zero Salt 12p 160g,CDA Retail,2025-06,472.0,0.9061
68821627,Batavia,KNR BOUIL Roast GAR Zero Salt 12p 160g,CDA Retail,2025-07,293.0,0.5624
68821627,Batavia,KNR BOUIL Roast GAR Zero Salt 12p 160g,CDA Retail,2025-08,177.0,0.3398
68821627,Batavia,KNR BOUIL Roast GAR Zero Salt 12p 160g,CDA Retail,2025-09,48.0,0.0921
68821627,Batavia,KNR BOUIL Roast GAR Zero Salt 12p 160g,CDA Retail,2025-10,69.0,0.1325
68821627,Batavia,KNR BOUIL Roast GAR Zero Salt 12p 160g,CDA Retail,2025-11,124.664662356322,0.2393
68821627,Batavia,KNR BOUIL Roast GAR Zero Salt 12p 160g,CDA Retail,2025-12,13.4093851664186,0.0257
64810586,Batavia,Knorr Caldo DE Pollo 216p 2kg PAL,UFS,2025-01,0.0,0.0
64810586,Batavia,Knorr Caldo DE Pollo 216p 2kg PAL,UFS,2025-02,0.0,0.0
64810586,Batavia,Knorr Caldo DE Pollo 216p 2kg PAL,UFS,2025-03,0.0,0.0
64810586,Batavia,Knorr Caldo DE Pollo 216p 2kg PAL,UFS,2025-04,0.0,0.0
64810586,Batavia,Knorr Caldo DE Pollo 216p 2kg PAL,UFS,2025-05,0.0,0.0
64810586,Batavia,Knorr Caldo DE Pollo 216p 2kg PAL,UFS,2025-06,0.0,0.0
64810586,Batavia,Knorr Caldo DE Pollo 216p 2kg PAL,UFS,2025-07,12.0,0.1056
64810586,Batavia,Knorr Caldo DE Pollo 216p 2kg PAL,UFS,2025-08,0.0,0.0
64810586,Batavia,Knorr Caldo DE Pollo 216p 2kg PAL,UFS,2025-09,0.0,0.0
64810586,Batavia,Knorr Caldo DE Pollo 216p 2kg PAL,UFS,2025-10,0.0,0.0
64810586,Batavia,Knorr Caldo DE Pollo 216p 2kg PAL,UFS,2025-11,0.0,0.0
64810586,Batavia,Knorr Caldo DE Pollo 216p 2kg PAL,UFS,2025-12,0.0,0.0
62681584,Batavia,Knorr Caldo De Pollo 1p 25lb,UFS,2025-01,4055.0,45.9834
62681584,Batavia,Knorr Caldo De Pollo 1p 25lb,UFS,2025-02,4242.0,48.104
62681584,Batavia,Knorr Caldo De Pollo 1p 25lb,UFS,2025-03,5493.0,62.2902
62681584,Batavia,Knorr Caldo De Pollo 1p 25lb,UFS,2025-04,5857.0,66.4179
62681584,Batavia,Knorr Caldo De Pollo 1p 25lb,UFS,2025-05,5967.0,67.6653
62681584,Batavia,Knorr Caldo De Pollo 1p 25lb,UFS,2025-06,5468.0,62.0067
62681584,Batavia,Knorr Caldo De Pollo 1p 25lb,UFS,2025-07,6915.0,78.4156
62681584,Batavia,Knorr Caldo De Pollo 1p 25lb,UFS,2025-08,7007.0,79.4589
62681584,Batavia,Knorr Caldo De Pollo 1p 25lb,UFS,2025-09,6661.0,75.5352
62681584,Batavia,Knorr Caldo De Pollo 1p 25lb,UFS,2025-10,6506.99999999999,73.7889
62681584,Batavia,Knorr Caldo De Pollo 1p 25lb,UFS,2025-11,6606.0,74.9115
62681584,Batavia,Knorr Caldo De Pollo 1p 25lb,UFS,2025-12,6606.0,74.9115
62696764,Batavia,Knorr PROF Caldo de Vegetales 4p 4.4lb,UFS,2025-01,428.0,3.4169
62696764,Batavia,Knorr PROF Caldo de Vegetales 4p 4.4lb,UFS,2025-02,348.0,2.7782
62696764,Batavia,Knorr PROF Caldo de Vegetales 4p 4.4lb,UFS,2025-03,33.0,0.2634
62696764,Batavia,Knorr PROF Caldo de Vegetales 4p 4.4lb,UFS,2025-04,744.0,5.9396
62696764,Batavia,Knorr PROF Caldo de Vegetales 4p 4.4lb,UFS,2025-05,641.0,5.1173
62696764,Batavia,Knorr PROF Caldo de Vegetales 4p 4.4lb,UFS,2025-06,350.0,2.7942
62696764,Batavia,Knorr PROF Caldo de Vegetales 4p 4.4lb,UFS,2025-07,268.0,2.1395
62696764,Batavia,Knorr PROF Caldo de Vegetales 4p 4.4lb,UFS,2025-08,217.0,1.7324
62696764,Batavia,Knorr PROF Caldo de Vegetales 4p 4.4lb,UFS,2025-09,152.0,1.2135
62696764,Batavia,Knorr PROF Caldo de Vegetales 4p 4.4lb,UFS,2025-10,399.0000000000001,3.1853
62696764,Batavia,Knorr PROF Caldo de Vegetales 4p 4.4lb,UFS,2025-11,398.9999999999998,3.1853
62696764,Batavia,Knorr PROF Caldo de Vegetales 4p 4.4lb,UFS,2025-12,399.0000000000001,3.1853
62696766,Batavia,KNR PROF Caldo DE VEG CCC 4p 4.4lb,UFS,2025-01,253.0,2.0198
62696766,Batavia,KNR PROF Caldo DE VEG CCC 4p 4.4lb,UFS,2025-02,470.0,3.7522
62696766,Batavia,KNR PROF Caldo DE VEG CCC 4p 4.4lb,UFS,2025-03,566.0,4.5186
62696766,Batavia,KNR PROF Caldo DE VEG CCC 4p 4.4lb,UFS,2025-04,403.0,3.2173
62696766,Batavia,KNR PROF Caldo DE VEG CCC 4p 4.4lb,UFS,2025-05,478.0,3.816
62696766,Batavia,KNR PROF Caldo DE VEG CCC 4p 4.4lb,UFS,2025-06,409.0,3.2652
62696766,Batavia,KNR PROF Caldo DE VEG CCC 4p 4.4lb,UFS,2025-07,402.0,3.2093
62696766,Batavia,KNR PROF Caldo DE VEG CCC 4p 4.4lb,UFS,2025-08,515.0,4.1114
62696766,Batavia,KNR PROF Caldo DE VEG CCC 4p 4.4lb,UFS,2025-09,426.0,3.4009
62696766,Batavia,KNR PROF Caldo DE VEG CCC 4p 4.4lb,UFS,2025-10,500.00000000000006,3.9917
62696766,Batavia,KNR PROF Caldo DE VEG CCC 4p 4.4lb,UFS,2025-11,475.0,3.7921
62696766,Batavia,KNR PROF Caldo DE VEG CCC 4p 4.4lb,UFS,2025-12,475.0,3.7921
64351218,Lerma,Knorr PROF Caldo DE Tomate CCC 4p 7.9lb,UFS,2025-01,285.0,4.0851
64351218,Lerma,Knorr PROF Caldo DE Tomate CCC 4p 7.9lb,UFS,2025-02,301.0,4.3144
64351218,Lerma,Knorr PROF Caldo DE Tomate CCC 4p 7.9lb,UFS,2025-03,416.0,5.9628
64351218,Lerma,Knorr PROF Caldo DE Tomate CCC 4p 7.9lb,UFS,2025-04,570.0,8.1702
64351218,Lerma,Knorr PROF Caldo DE Tomate CCC 4p 7.9lb,UFS,2025-05,518.0,7.4248
64351218,Lerma,Knorr PROF Caldo DE Tomate CCC 4p 7.9lb,UFS,2025-06,447.0,6.4071
64351218,Lerma,Knorr PROF Caldo DE Tomate CCC 4p 7.9lb,UFS,2025-07,481.0,6.8945
64351218,Lerma,Knorr PROF Caldo DE Tomate CCC 4p 7.9lb,UFS,2025-08,263.0,3.7698
64351218,Lerma,Knorr PROF Caldo DE Tomate CCC 4p 7.9lb,UFS,2025-09,243.0,3.4831
64351218,Lerma,Knorr PROF Caldo DE Tomate CCC 4p 7.9lb,UFS,2025-10,300.0,4.3001
64351218,Lerma,Knorr PROF Caldo DE Tomate CCC 4p 7.9lb,UFS,2025-11,50.0,0.7167
64351218,Lerma,Knorr PROF Caldo DE Tomate CCC 4p 7.9lb,UFS,2025-12,50.0,0.7167
68511594,Batavia,KNR Caldo de Camaron 4 4.4lb,UFS,2025-01,1077.0,8.598
68511594,Batavia,KNR Caldo de Camaron 4 4.4lb,UFS,2025-02,1086.0,8.6699
68511594,Batavia,KNR Caldo de Camaron 4 4.4lb,UFS,2025-03,1233.0,9.8434
68511594,Batavia,KNR Caldo de Camaron 4 4.4lb,UFS,2025-04,1427.0,11.3922
68511594,Batavia,KNR Caldo de Camaron 4 4.4lb,UFS,2025-05,1246.0,9.9472
68511594,Batavia,KNR Caldo de Camaron 4 4.4lb,UFS,2025-06,1220.0,9.7396
68511594,Batavia,KNR Caldo de Camaron 4 4.4lb,UFS,2025-07,1328.0,10.6018
68511594,Batavia,KNR Caldo de Camaron 4 4.4lb,UFS,2025-08,1224.0,9.7716
68511594,Batavia,KNR Caldo de Camaron 4 4.4lb,UFS,2025-09,1227.0,9.7955
68511594,Batavia,KNR Caldo de Camaron 4 4.4lb,UFS,2025-10,1337.0,10.6737
68511594,Batavia,KNR Caldo de Camaron 4 4.4lb,UFS,2025-11,1727.999999999999,13.7952
68511594,Batavia,KNR Caldo de Camaron 4 4.4lb,UFS,2025-12,1123.0,8.9653
68511595,Batavia,Knorr Caldo de Res 4p 4.4lb,UFS,2025-01,4625.0,36.9228
68511595,Batavia,Knorr Caldo de Res 4p 4.4lb,UFS,2025-02,4601.0,36.7312
68511595,Batavia,Knorr Caldo de Res 4p 4.4lb,UFS,2025-03,5004.0,39.9485
68511595,Batavia,Knorr Caldo de Res 4p 4.4lb,UFS,2025-04,5128.0,40.9384
68511595,Batavia,Knorr Caldo de Res 4p 4.4lb,UFS,2025-05,5628.0,44.9301
68511595,Batavia,Knorr Caldo de Res 4p 4.4lb,UFS,2025-06,5083.0,40.5792
68511595,Batavia,Knorr Caldo de Res 4p 4.4lb,UFS,2025-07,4800.0,38.3199
68511595,Batavia,Knorr Caldo de Res 4p 4.4lb,UFS,2025-08,5819.0,46.4549
68511595,Batavia,Knorr Caldo de Res 4p 4.4lb,UFS,2025-09,6304.0,50.3268
68511595,Batavia,Knorr Caldo de Res 4p 4.4lb,UFS,2025-10,7729.0,61.703
68511595,Batavia,Knorr Caldo de Res 4p 4.4lb,UFS,2025-11,7034.999999999995,56.1626
68511595,Batavia,Knorr Caldo de Res 4p 4.4lb,UFS,2025-12,5962.000000000001,47.5965
67212772,Lerma,Knorr Caldo de Pollo 4 7.9lb Display,UFS,2025-01,18033.0,258.479
67212772,Lerma,Knorr Caldo de Pollo 4 7.9lb Display,UFS,2025-02,18917.0,271.15
67212772,Lerma,Knorr Caldo de Pollo 4 7.9lb Display,UFS,2025-03,24327.0,348.6951
67212772,Lerma,Knorr Caldo de Pollo 4 7.9lb Display,UFS,2025-04,31394.0,449.9911
67212772,Lerma,Knorr Caldo de Pollo 4 7.9lb Display,UFS,2025-05,18282.0,262.0481
67212772,Lerma,Knorr Caldo de Pollo 4 7.9lb Display,UFS,2025-06,15321.0,219.6061
67212772,Lerma,Knorr Caldo de Pollo 4 7.9lb Display,UFS,2025-07,19361.0,277.5141
67212772,Lerma,Knorr Caldo de Pollo 4 7.9lb Display,UFS,2025-08,21835.0,312.9756
67212772,Lerma,Knorr Caldo de Pollo 4 7.9lb Display,UFS,2025-09,25693.0,368.2749
67212772,Lerma,Knorr Caldo de Pollo 4 7.9lb Display,UFS,2025-10,26423.999999999993,378.7528
67212772,Lerma,Knorr Caldo de Pollo 4 7.9lb Display,UFS,2025-11,23130.59999999998,331.5463
67212772,Lerma,Knorr Caldo de Pollo 4 7.9lb Display,UFS,2025-12,20929.9999999999,300.0036
67212719,Lerma,Knorr Caldo de Pollo 4 7.9lb,UFS,2025-01,8927.0,127.9566
67212719,Lerma,Knorr Caldo de Pollo 4 7.9lb,UFS,2025-02,8316.0,119.1988
67212719,Lerma,Knorr Caldo de Pollo 4 7.9lb,UFS,2025-03,8725.0,125.0612
67212719,Lerma,Knorr Caldo de Pollo 4 7.9lb,UFS,2025-04,9206.0,131.9557
67212719,Lerma,Knorr Caldo de Pollo 4 7.9lb,UFS,2025-05,9405.0,134.8081
67212719,Lerma,Knorr Caldo de Pollo 4 7.9lb,UFS,2025-06,8686.0,124.5022
67212719,Lerma,Knorr Caldo de Pollo 4 7.9lb,UFS,2025-07,7124.0,102.113
67212719,Lerma,Knorr Caldo de Pollo 4 7.9lb,UFS,2025-08,7849.0,112.5049
67212719,Lerma,Knorr Caldo de Pollo 4 7.9lb,UFS,2025-09,9606.0,137.6892
67212719,Lerma,Knorr Caldo de Pollo 4 7.9lb,UFS,2025-10,8798.0,126.1076
67212719,Lerma,Knorr Caldo de Pollo 4 7.9lb,UFS,2025-11,9330.999999999995,133.7474
67212719,Lerma,Knorr Caldo de Pollo 4 7.9lb,UFS,2025-12,7981.000000000001,114.397
68374656,Batavia,KNORR CALDO DE POLLO 4 4.4LB,UFS,2025-01,16433.0,131.1897
68374656,Batavia,KNORR CALDO DE POLLO 4 4.4LB,UFS,2025-02,15172.0,121.1227
68374656,Batavia,KNORR CALDO DE POLLO 4 4.4LB,UFS,2025-03,18359.0,146.5655
68374656,Batavia,KNORR CALDO DE POLLO 4 4.4LB,UFS,2025-04,18272.0,145.871
68374656,Batavia,KNORR CALDO DE POLLO 4 4.4LB,UFS,2025-05,19119.0,152.6329
68374656,Batavia,KNORR CALDO DE POLLO 4 4.4LB,UFS,2025-06,16940.0,135.2372
68374656,Batavia,KNORR CALDO DE POLLO 4 4.4LB,UFS,2025-07,19010.0,151.7627
68374656,Batavia,KNORR CALDO DE POLLO 4 4.4LB,UFS,2025-08,16329.0,130.3594
68374656,Batavia,KNORR CALDO DE POLLO 4 4.4LB,UFS,2025-09,17975.0,143.5
68374656,Batavia,KNORR CALDO DE POLLO 4 4.4LB,UFS,2025-10,19777.008822484106,157.8859
68374656,Batavia,KNORR CALDO DE POLLO 4 4.4LB,UFS,2025-11,18802.0,150.1022
68374656,Batavia,KNORR CALDO DE POLLO 4 4.4LB,UFS,2025-12,21570.0,172.1999
68511599,Batavia,KNORR CALDO DE TOMATE 4 4.4lb,UFS,2025-01,2593.0,20.7007
68511599,Batavia,KNORR CALDO DE TOMATE 4 4.4lb,UFS,2025-02,2431.0,19.4074
68511599,Batavia,KNORR CALDO DE TOMATE 4 4.4lb,UFS,2025-03,2801.0,22.3612
68511599,Batavia,KNORR CALDO DE TOMATE 4 4.4lb,UFS,2025-04,3213.0,25.6504
68511599,Batavia,KNORR CALDO DE TOMATE 4 4.4lb,UFS,2025-05,2632.0,21.0121
68511599,Batavia,KNORR CALDO DE TOMATE 4 4.4lb,UFS,2025-06,2990.0,23.8701
68511599,Batavia,KNORR CALDO DE TOMATE 4 4.4lb,UFS,2025-07,2736.0,21.8423
68511599,Batavia,KNORR CALDO DE TOMATE 4 4.4lb,UFS,2025-08,3079.0,24.5806
68511599,Batavia,KNORR CALDO DE TOMATE 4 4.4lb,UFS,2025-09,2927.0,23.3671
68511599,Batavia,KNORR CALDO DE TOMATE 4 4.4lb,UFS,2025-10,3165.0,25.2672
68511599,Batavia,KNORR CALDO DE TOMATE 4 4.4lb,UFS,2025-11,3094.154652156101,24.7016
68511599,Batavia,KNORR CALDO DE TOMATE 4 4.4lb,UFS,2025-12,2786.1546521561017,22.2427
68511591,Batavia,KNORR CALDO DE TOMATE 4 4.4lb,UFS,2025-01,8442.0,67.3951
68511591,Batavia,KNORR CALDO DE TOMATE 4 4.4lb,UFS,2025-02,7650.0,61.0723
68511591,Batavia,KNORR CALDO DE TOMATE 4 4.4lb,UFS,2025-03,9599.0,76.6318
68511591,Batavia,KNORR CALDO DE TOMATE 4 4.4lb,UFS,2025-04,10065.0,80.352
68511591,Batavia,KNORR CALDO DE TOMATE 4 4.4lb,UFS,2025-05,9498.0,75.8255
68511591,Batavia,KNORR CALDO DE TOMATE 4 4.4lb,UFS,2025-06,9007.0,71.9057
68511591,Batavia,KNORR CALDO DE TOMATE 4 4.4lb,UFS,2025-07,9780.0,78.0767
68511591,Batavia,KNORR CALDO DE TOMATE 4 4.4lb,UFS,2025-08,8639.0,68.9678
68511591,Batavia,KNORR CALDO DE TOMATE 4 4.4lb,UFS,2025-09,10600.0,84.6231
68511591,Batavia,KNORR CALDO DE TOMATE 4 4.4lb,UFS,2025-10,8511.296021235272,67.9483
68511591,Batavia,KNORR CALDO DE TOMATE 4 4.4lb,UFS,2025-11,10242.000000000002,81.765
68511591,Batavia,KNORR CALDO DE TOMATE 4 4.4lb,UFS,2025-12,9638.000000000004,76.9431
64902462,Batavia,Knorr Caldo DE Tomate CON POLLO 1p 25lb,UFS,2025-02,0.0,0.0
64902462,Batavia,Knorr Caldo DE Tomate CON POLLO 1p 25lb,UFS,2025-03,0.0,0.0
64902462,Batavia,Knorr Caldo DE Tomate CON POLLO 1p 25lb,UFS,2025-04,0.0,0.0
64902462,Batavia,Knorr Caldo DE Tomate CON POLLO 1p 25lb,UFS,2025-05,0.0,0.0
64902462,Batavia,Knorr Caldo DE Tomate CON POLLO 1p 25lb,UFS,2025-06,0.0,0.0
64902462,Batavia,Knorr Caldo DE Tomate CON POLLO 1p 25lb,UFS,2025-07,21.0,0.2625
64902462,Batavia,Knorr Caldo DE Tomate CON POLLO 1p 25lb,UFS,2025-08,61.0,0.7625
64902462,Batavia,Knorr Caldo DE Tomate CON POLLO 1p 25lb,UFS,2025-09,262.0,3.275
64902462,Batavia,Knorr Caldo DE Tomate CON POLLO 1p 25lb,UFS,2025-10,664.9999999999998,8.3125
64902462,Batavia,Knorr Caldo DE Tomate CON POLLO 1p 25lb,UFS,2025-11,652.9999999999999,8.1625
64902462,Batavia,Knorr Caldo DE Tomate CON POLLO 1p 25lb,UFS,2025-12,653.0000000000003,8.1625
67153824,Lerma,KNORR LAT CKN GR RDC SOD 12 7.9Z,UI,2025-01,0.0,0.0
67153824,Lerma,KNORR LAT CKN GR RDC SOD 12 7.9Z,UI,2025-02,5.0,0.0134
67153824,Lerma,KNORR LAT CKN GR RDC SOD 12 7.9Z,UI,2025-03,3.0,0.0081
67153824,Lerma,KNORR LAT CKN GR RDC SOD 12 7.9Z,UI,2025-04,3.0,0.0081
67153824,Lerma,KNORR LAT CKN GR RDC SOD 12 7.9Z,UI,2025-05,8.0,0.0215
67153824,Lerma,KNORR LAT CKN GR RDC SOD 12 7.9Z,UI,2025-06,5.0,0.0134
67153824,Lerma,KNORR LAT CKN GR RDC SOD 12 7.9Z,UI,2025-07,3.0,0.0081
67153824,Lerma,KNORR LAT CKN GR RDC SOD 12 7.9Z,UI,2025-08,3.0,0.0081
67153824,Lerma,KNORR LAT CKN GR RDC SOD 12 7.9Z,UI,2025-09,0.0,0.0
67153824,Lerma,KNORR LAT CKN GR RDC SOD 12 7.9Z,UI,2025-10,0.0,0.0
67153824,Lerma,KNORR LAT CKN GR RDC SOD 12 7.9Z,UI,2025-11,5.0,0.0134
67153824,Lerma,KNORR LAT CKN GR RDC SOD 12 7.9Z,UI,2025-12,1.0,0.0027
64784931,Indy,KNR MEX BOUILLON BEEF 12 15.9Z,UI,2025-06,5.0,0.027
64784931,Indy,KNR MEX BOUILLON BEEF 12 15.9Z,UI,2025-07,2.0,0.0108
64784931,Indy,KNR MEX BOUILLON BEEF 12 15.9Z,UI,2025-08,2.0,0.0108
64784931,Indy,KNR MEX BOUILLON BEEF 12 15.9Z,UI,2025-09,0.0,0.0
64784931,Indy,KNR MEX BOUILLON BEEF 12 15.9Z,UI,2025-10,5.0,0.027
64784931,Indy,KNR MEX BOUILLON BEEF 12 15.9Z,UI,2025-11,4.0,0.0216
64784931,Indy,KNR MEX BOUILLON BEEF 12 15.9Z,UI,2025-12,38.0,0.2055
69664935,Lerma,KNR MEX BOUILLON BEEF 12 15.9Z,UI,2025-01,0.0,0.0
69664935,Lerma,KNR MEX BOUILLON BEEF 12 15.9Z,UI,2025-02,0.0,0.0
69664935,Lerma,KNR MEX BOUILLON BEEF 12 15.9Z,UI,2025-03,0.0,0.0
69664935,Lerma,KNR MEX BOUILLON BEEF 12 15.9Z,UI,2025-04,3.0,0.0162
69664935,Lerma,KNR MEX BOUILLON BEEF 12 15.9Z,UI,2025-05,10.0,0.0541
67552959,Lerma,KNR GRAN BOUILLON SHRIMP 12 7.9OZ,UI,2025-01,3.0,0.0081
67552959,Lerma,KNR GRAN BOUILLON SHRIMP 12 7.9OZ,UI,2025-02,0.0,0.0
67552959,Lerma,KNR GRAN BOUILLON SHRIMP 12 7.9OZ,UI,2025-03,3.0,0.0081
67552959,Lerma,KNR GRAN BOUILLON SHRIMP 12 7.9OZ,UI,2025-04,0.0,0.0
67552959,Lerma,KNR GRAN BOUILLON SHRIMP 12 7.9OZ,UI,2025-05,0.0,0.0
67552959,Lerma,KNR GRAN BOUILLON SHRIMP 12 7.9OZ,UI,2025-06,5.0,0.0134
67552959,Lerma,KNR GRAN BOUILLON SHRIMP 12 7.9OZ,UI,2025-07,0.0,0.0
67552959,Lerma,KNR GRAN BOUILLON SHRIMP 12 7.9OZ,UI,2025-08,2.0,0.0054
67552959,Lerma,KNR GRAN BOUILLON SHRIMP 12 7.9OZ,UI,2025-09,2.0,0.0054
67552959,Lerma,KNR GRAN BOUILLON SHRIMP 12 7.9OZ,UI,2025-10,2.0,0.0054
67552959,Lerma,KNR GRAN BOUILLON SHRIMP 12 7.9OZ,UI,2025-11,0.0,0.0
67552959,Lerma,KNR GRAN BOUILLON SHRIMP 12 7.9OZ,UI,2025-12,2.0,0.0054
67841924,Lerma,KNORR MEX BOUIL CHK 24P 3.5Z,UI,2025-01,0.0,0.0
67841924,Lerma,KNORR MEX BOUIL CHK 24P 3.5Z,UI,2025-02,16.0,0.0381
67841924,Lerma,KNORR MEX BOUIL CHK 24P 3.5Z,UI,2025-03,0.0,0.0
67841924,Lerma,KNORR MEX BOUIL CHK 24P 3.5Z,UI,2025-04,32.0,0.0762
67841924,Lerma,KNORR MEX BOUIL CHK 24P 3.5Z,UI,2025-05,0.0,0.0
67841924,Lerma,KNORR MEX BOUIL CHK 24P 3.5Z,UI,2025-06,0.0,0.0
67841924,Lerma,KNORR MEX BOUIL CHK 24P 3.5Z,UI,2025-07,48.0,0.1143
67841924,Lerma,KNORR MEX BOUIL CHK 24P 3.5Z,UI,2025-08,0.0,0.0
67841924,Lerma,KNORR MEX BOUIL CHK 24P 3.5Z,UI,2025-09,0.0,0.0
67841924,Lerma,KNORR MEX BOUIL CHK 24P 3.5Z,UI,2025-10,0.0,0.0
67841924,Lerma,KNORR MEX BOUIL CHK 24P 3.5Z,UI,2025-11,0.0,0.0
67841924,Lerma,KNORR MEX BOUIL CHK 24P 3.5Z,UI,2025-12,66.0,0.1572
67821459,Lerma,KNORR MEX BOUIL CHK 12 7.9Z,UI,2025-01,0.0,0.0
67821459,Lerma,KNORR MEX BOUIL CHK 12 7.9Z,UI,2025-02,86.0,0.2311
67821459,Lerma,KNORR MEX BOUIL CHK 12 7.9Z,UI,2025-03,81.0,0.2177
67821459,Lerma,KNORR MEX BOUIL CHK 12 7.9Z,UI,2025-04,88.0,0.2365
67821459,Lerma,KNORR MEX BOUIL CHK 12 7.9Z,UI,2025-05,10.0,0.0269
67821459,Lerma,KNORR MEX BOUIL CHK 12 7.9Z,UI,2025-06,170.0,0.4569
67821459,Lerma,KNORR MEX BOUIL CHK 12 7.9Z,UI,2025-07,0.0,0.0
67821459,Lerma,KNORR MEX BOUIL CHK 12 7.9Z,UI,2025-08,66.0,0.1774
67821459,Lerma,KNORR MEX BOUIL CHK 12 7.9Z,UI,2025-09,3.0,0.0081
67821459,Lerma,KNORR MEX BOUIL CHK 12 7.9Z,UI,2025-10,80.0,0.215
67821459,Lerma,KNORR MEX BOUIL CHK 12 7.9Z,UI,2025-11,5.0,0.0134
67821459,Lerma,KNORR MEX BOUIL CHK 12 7.9Z,UI,2025-12,44.0,0.1183
67212715,Lerma,KN MEX BOUILLON TOM/CHK 12P 7.9Z,UI,2025-01,0.0,0.0
67212715,Lerma,KN MEX BOUILLON TOM/CHK 12P 7.9Z,UI,2025-02,111.0,0.2983
67212715,Lerma,KN MEX BOUILLON TOM/CHK 12P 7.9Z,UI,2025-03,1.0,0.0027
67212715,Lerma,KN MEX BOUILLON TOM/CHK 12P 7.9Z,UI,2025-04,111.0,0.2983
67212715,Lerma,KN MEX BOUILLON TOM/CHK 12P 7.9Z,UI,2025-05,0.0,0.0
67212715,Lerma,KN MEX BOUILLON TOM/CHK 12P 7.9Z,UI,2025-06,81.0,0.2177
67212715,Lerma,KN MEX BOUILLON TOM/CHK 12P 7.9Z,UI,2025-07,132.0,0.3548
67212715,Lerma,KN MEX BOUILLON TOM/CHK 12P 7.9Z,UI,2025-08,45.0,0.1209
67212715,Lerma,KN MEX BOUILLON TOM/CHK 12P 7.9Z,UI,2025-09,0.0,0.0
67212715,Lerma,KN MEX BOUILLON TOM/CHK 12P 7.9Z,UI,2025-10,110.0,0.2956
67212715,Lerma,KN MEX BOUILLON TOM/CHK 12P 7.9Z,UI,2025-11,0.0,0.0
67212715,Lerma,KN MEX BOUILLON TOM/CHK 12P 7.9Z,UI,2025-12,39.0,0.1048
67212718,Lerma,KNORR MEX BOUILLON BEEF 12 7.9Z,UI,2025-01,0.0,0.0
67212718,Lerma,KNORR MEX BOUILLON BEEF 12 7.9Z,UI,2025-02,28.0,0.0753
67212718,Lerma,KNORR MEX BOUILLON BEEF 12 7.9Z,UI,2025-03,15.0,0.0403
67212718,Lerma,KNORR MEX BOUILLON BEEF 12 7.9Z,UI,2025-04,22.0,0.0591
67212718,Lerma,KNORR MEX BOUILLON BEEF 12 7.9Z,UI,2025-05,5.0,0.0134
67212718,Lerma,KNORR MEX BOUILLON BEEF 12 7.9Z,UI,2025-06,5.0,0.0134
67212718,Lerma,KNORR MEX BOUILLON BEEF 12 7.9Z,UI,2025-07,25.0,0.0672
67212718,Lerma,KNORR MEX BOUILLON BEEF 12 7.9Z,UI,2025-08,13.0,0.0349
67212718,Lerma,KNORR MEX BOUILLON BEEF 12 7.9Z,UI,2025-09,2.0,0.0054
67212718,Lerma,KNORR MEX BOUILLON BEEF 12 7.9Z,UI,2025-10,0.0,0.0
67212718,Lerma,KNORR MEX BOUILLON BEEF 12 7.9Z,UI,2025-11,3.0,0.0081
67212718,Lerma,KNORR MEX BOUILLON BEEF 12 7.9Z,UI,2025-12,97.0,0.2607
69559816,Lerma,KNORR MEX BOUILLON CHK 12 15.9Z,UI,2025-01,0.0,0.0
69559816,Lerma,KNORR MEX BOUILLON CHK 12 15.9Z,UI,2025-02,62.0,0.3354
69559816,Lerma,KNORR MEX BOUILLON CHK 12 15.9Z,UI,2025-03,40.0,0.2164
69559816,Lerma,KNORR MEX BOUILLON CHK 12 15.9Z,UI,2025-04,73.0,0.3949
69559816,Lerma,KNORR MEX BOUILLON CHK 12 15.9Z,UI,2025-05,13.0,0.0703
64784933,Indy,KNORR MEX BOUILLON CHK 12 15.9Z,UI,2025-06,10.0,0.0541
64784933,Indy,KNORR MEX BOUILLON CHK 12 15.9Z,UI,2025-07,84.0,0.4544
64784933,Indy,KNORR MEX BOUILLON CHK 12 15.9Z,UI,2025-08,2.0,0.0108
64784933,Indy,KNORR MEX BOUILLON CHK 12 15.9Z,UI,2025-09,5.0,0.027
64784933,Indy,KNORR MEX BOUILLON CHK 12 15.9Z,UI,2025-10,38.0,0.2055
64784933,Indy,KNORR MEX BOUILLON CHK 12 15.9Z,UI,2025-11,3.0,0.0162
64784933,Indy,KNORR MEX BOUILLON CHK 12 15.9Z,UI,2025-12,30.0,0.1623
64784932,Indy,KNORR BOUIL TOMATO/CHICKEN 12P 15.9Z,UI,2025-06,0.0,0.0
64784932,Indy,KNORR BOUIL TOMATO/CHICKEN 12P 15.9Z,UI,2025-07,105.0,0.568
64784932,Indy,KNORR BOUIL TOMATO/CHICKEN 12P 15.9Z,UI,2025-08,35.0,0.1893
64784932,Indy,KNORR BOUIL TOMATO/CHICKEN 12P 15.9Z,UI,2025-09,0.0,0.0
64784932,Indy,KNORR BOUIL TOMATO/CHICKEN 12P 15.9Z,UI,2025-10,91.0,0.4922
64784932,Indy,KNORR BOUIL TOMATO/CHICKEN 12P 15.9Z,UI,2025-11,0.0,0.0
64784932,Indy,KNORR BOUIL TOMATO/CHICKEN 12P 15.9Z,UI,2025-12,0.0,0.0
64316829,Lerma,KNORR BOUIL TOMATO/CHICKEN 12P 15.9Z,UI,2025-01,0.0,0.0
64316829,Lerma,KNORR BOUIL TOMATO/CHICKEN 12P 15.9Z,UI,2025-02,84.0,0.4544
64316829,Lerma,KNORR BOUIL TOMATO/CHICKEN 12P 15.9Z,UI,2025-03,35.0,0.1893
64316829,Lerma,KNORR BOUIL TOMATO/CHICKEN 12P 15.9Z,UI,2025-04,98.0,0.5301
64316829,Lerma,KNORR BOUIL TOMATO/CHICKEN 12P 15.9Z,UI,2025-05,0.0,0.0
